,date,day,weekday,month,quarter,year
0,2008-07-31,31,3,7,3,2008
1,2008-08-01,1,4,8,3,2008
2,2008-08-02,2,5,8,3,2008
3,2008-08-03,3,6,8,3,2008
4,2008-08-04,4,0,8,3,2008
5,2008-08-05,5,1,8,3,2008
6,2008-08-06,6,2,8,3,2008
7,2008-08-07,7,3,8,3,2008
8,2008-08-08,8,4,8,3,2008
9,2008-08-09,9,5,8,3,2008
10,2008-08-10,10,6,8,3,2008
11,2008-08-11,11,0,8,3,2008
12,2008-08-12,12,1,8,3,2008
13,2008-08-13,13,2,8,3,2008
14,2008-08-14,14,3,8,3,2008
15,2008-08-15,15,4,8,3,2008
16,2008-08-16,16,5,8,3,2008
17,2008-08-17,17,6,8,3,2008
18,2008-08-18,18,0,8,3,2008
19,2008-08-19,19,1,8,3,2008
20,2008-08-20,20,2,8,3,2008
21,2008-08-21,21,3,8,3,2008
22,2008-08-22,22,4,8,3,2008
23,2008-08-23,23,5,8,3,2008
24,2008-08-24,24,6,8,3,2008
25,2008-08-25,25,0,8,3,2008
26,2008-08-26,26,1,8,3,2008
27,2008-08-27,27,2,8,3,2008
28,2008-08-28,28,3,8,3,2008
29,2008-08-29,29,4,8,3,2008
30,2008-08-30,30,5,8,3,2008
31,2008-08-31,31,6,8,3,2008
32,2008-09-01,1,0,9,3,2008
33,2008-09-02,2,1,9,3,2008
34,2008-09-03,3,2,9,3,2008
35,2008-09-04,4,3,9,3,2008
36,2008-09-05,5,4,9,3,2008
37,2008-09-06,6,5,9,3,2008
38,2008-09-07,7,6,9,3,2008
39,2008-09-08,8,0,9,3,2008
40,2008-09-09,9,1,9,3,2008
41,2008-09-10,10,2,9,3,2008
42,2008-09-11,11,3,9,3,2008
43,2008-09-12,12,4,9,3,2008
44,2008-09-13,13,5,9,3,2008
45,2008-09-14,14,6,9,3,2008
46,2008-09-15,15,0,9,3,2008
47,2008-09-16,16,1,9,3,2008
48,2008-09-17,17,2,9,3,2008
49,2008-09-18,18,3,9,3,2008
50,2008-09-19,19,4,9,3,2008
51,2008-09-20,20,5,9,3,2008
52,2008-09-22,22,0,9,3,2008
53,2008-09-23,23,1,9,3,2008
54,2008-09-24,24,2,9,3,2008
55,2008-09-25,25,3,9,3,2008
56,2008-09-26,26,4,9,3,2008
57,2008-09-27,27,5,9,3,2008
58,2008-09-28,28,6,9,3,2008
59,2008-09-29,29,0,9,3,2008
60,2008-09-30,30,1,9,3,2008
61,2008-10-01,1,2,10,4,2008
62,2008-10-02,2,3,10,4,2008
63,2008-10-03,3,4,10,4,2008
64,2008-10-05,5,6,10,4,2008
65,2008-10-06,6,0,10,4,2008
66,2008-10-07,7,1,10,4,2008
67,2008-10-08,8,2,10,4,2008
68,2008-10-09,9,3,10,4,2008
69,2008-10-12,12,6,10,4,2008
70,2008-10-13,13,0,10,4,2008
71,2008-10-16,16,3,10,4,2008
72,2008-10-17,17,4,10,4,2008
73,2008-10-18,18,5,10,4,2008
74,2008-10-19,19,6,10,4,2008
75,2008-10-20,20,0,10,4,2008
76,2008-10-21,21,1,10,4,2008
77,2008-10-22,22,2,10,4,2008
78,2008-10-24,24,4,10,4,2008
79,2008-10-25,25,5,10,4,2008
80,2008-10-29,29,2,10,4,2008
81,2008-10-30,30,3,10,4,2008
82,2008-10-31,31,4,10,4,2008
83,2008-11-07,7,4,11,4,2008
84,2008-11-11,11,1,11,4,2008
85,2008-11-13,13,3,11,4,2008
86,2008-11-17,17,0,11,4,2008
87,2008-11-18,18,1,11,4,2008
88,2008-11-19,19,2,11,4,2008
89,2008-11-20,20,3,11,4,2008
90,2008-11-25,25,1,11,4,2008
91,2008-11-28,28,4,11,4,2008
92,2008-12-01,1,0,12,4,2008
93,2008-12-02,2,1,12,4,2008
94,2008-12-04,4,3,12,4,2008
95,2008-12-07,7,6,12,4,2008
96,2008-12-08,8,0,12,4,2008
97,2008-12-11,11,3,12,4,2008
98,2008-12-13,13,5,12,4,2008
99,2008-12-16,16,1,12,4,2008
100,2008-12-18,18,3,12,4,2008
101,2008-12-25,25,3,12,4,2008
102,2008-12-27,27,5,12,4,2008
103,2008-12-29,29,0,12,4,2008
104,2009-01-02,2,4,1,1,2009
105,2009-01-03,3,5,1,1,2009
106,2009-01-05,5,0,1,1,2009
107,2009-01-06,6,1,1,1,2009
108,2009-01-09,9,4,1,1,2009
109,2009-01-10,10,5,1,1,2009
110,2009-01-11,11,6,1,1,2009
111,2009-01-12,12,0,1,1,2009
112,2009-01-13,13,1,1,1,2009
113,2009-01-14,14,2,1,1,2009
114,2009-01-15,15,3,1,1,2009
115,2009-01-19,19,0,1,1,2009
116,2009-01-22,22,3,1,1,2009
117,2009-01-28,28,2,1,1,2009
118,2009-02-04,4,2,2,1,2009
119,2009-02-10,10,1,2,1,2009
120,2009-02-15,15,6,2,1,2009
121,2009-02-17,17,1,2,1,2009
122,2009-02-18,18,2,2,1,2009
123,2009-02-22,22,6,2,1,2009
124,2009-02-24,24,1,2,1,2009
125,2009-02-25,25,2,2,1,2009
126,2009-03-20,20,4,3,1,2009
127,2009-03-25,25,2,3,1,2009
128,2009-03-28,28,5,3,1,2009
129,2009-04-02,2,3,4,2,2009
130,2009-04-06,6,0,4,2,2009
131,2009-04-18,18,5,4,2,2009
132,2009-04-24,24,4,4,2,2009
133,2009-04-25,25,5,4,2,2009
134,2009-04-29,29,2,4,2,2009
135,2009-05-07,7,3,5,2,2009
136,2009-05-10,10,6,5,2,2009
137,2009-05-12,12,1,5,2,2009
138,2009-05-18,18,0,5,2,2009
139,2009-06-17,17,2,6,2,2009
140,2009-06-22,22,0,6,2,2009
141,2009-06-27,27,5,6,2,2009
142,2009-06-29,29,0,6,2,2009
143,2009-07-12,12,6,7,3,2009
144,2009-07-13,13,0,7,3,2009
145,2009-07-14,14,1,7,3,2009
146,2009-07-15,15,2,7,3,2009
147,2009-07-16,16,3,7,3,2009
148,2009-07-19,19,6,7,3,2009
149,2009-07-21,21,1,7,3,2009
150,2009-07-22,22,2,7,3,2009
151,2009-07-24,24,4,7,3,2009
152,2009-07-25,25,5,7,3,2009
153,2009-07-26,26,6,7,3,2009
154,2009-07-27,27,0,7,3,2009
155,2009-07-28,28,1,7,3,2009
156,2009-07-29,29,2,7,3,2009
157,2009-07-30,30,3,7,3,2009
158,2009-07-31,31,4,7,3,2009
159,2009-08-01,1,5,8,3,2009
160,2009-08-04,4,1,8,3,2009
161,2009-08-05,5,2,8,3,2009
162,2009-08-10,10,0,8,3,2009
163,2009-08-11,11,1,8,3,2009
164,2009-08-15,15,5,8,3,2009
165,2009-08-19,19,2,8,3,2009
166,2009-08-20,20,3,8,3,2009
167,2009-08-21,21,4,8,3,2009
168,2009-08-24,24,0,8,3,2009
169,2009-08-25,25,1,8,3,2009
170,2009-08-26,26,2,8,3,2009
171,2009-08-27,27,3,8,3,2009
172,2009-08-28,28,4,8,3,2009
173,2009-09-01,1,1,9,3,2009
174,2009-09-03,3,3,9,3,2009
175,2009-09-04,4,4,9,3,2009
176,2009-09-05,5,5,9,3,2009
177,2009-09-07,7,0,9,3,2009
178,2009-09-08,8,1,9,3,2009
179,2009-09-11,11,4,9,3,2009
180,2009-09-13,13,6,9,3,2009
181,2009-09-14,14,0,9,3,2009
182,2009-09-15,15,1,9,3,2009
183,2009-09-25,25,4,9,3,2009
184,2009-10-02,2,4,10,4,2009
185,2009-10-10,10,5,10,4,2009
186,2009-10-12,12,0,10,4,2009
187,2009-10-31,31,5,10,4,2009
188,2009-11-03,3,1,11,4,2009
189,2009-11-04,4,2,11,4,2009
190,2009-11-06,6,4,11,4,2009
191,2009-11-07,7,5,11,4,2009
192,2009-11-28,28,5,11,4,2009
193,2009-11-29,29,6,11,4,2009
194,2009-11-30,30,0,11,4,2009
195,2009-12-01,1,1,12,4,2009
196,2009-12-03,3,3,12,4,2009
197,2009-12-09,9,2,12,4,2009
198,2009-12-11,11,4,12,4,2009
199,2009-12-16,16,2,12,4,2009
200,2009-12-17,17,3,12,4,2009
201,2009-12-19,19,5,12,4,2009
202,2009-12-24,24,3,12,4,2009
203,2009-12-28,28,0,12,4,2009
204,2010-01-07,7,3,1,1,2010
205,2010-01-08,8,4,1,1,2010
206,2010-01-14,14,3,1,1,2010
207,2010-01-18,18,0,1,1,2010
208,2010-01-21,21,3,1,1,2010
209,2010-01-23,23,5,1,1,2010
210,2010-01-30,30,5,1,1,2010
211,2010-01-31,31,6,1,1,2010
212,2010-02-03,3,2,2,1,2010
213,2010-02-09,9,1,2,1,2010
214,2010-02-12,12,4,2,1,2010
215,2010-02-13,13,5,2,1,2010
216,2010-02-16,16,1,2,1,2010
217,2010-02-22,22,0,2,1,2010
218,2010-02-24,24,2,2,1,2010
219,2010-03-15,15,0,3,1,2010
220,2010-03-18,18,3,3,1,2010
221,2010-03-23,23,1,3,1,2010
222,2010-03-26,26,4,3,1,2010
223,2010-03-29,29,0,3,1,2010
224,2010-04-06,6,1,4,2,2010
225,2010-04-08,8,3,4,2,2010
226,2010-04-14,14,2,4,2,2010
227,2010-04-21,21,2,4,2,2010
228,2010-04-24,24,5,4,2,2010
229,2010-04-30,30,4,4,2,2010
230,2010-05-04,4,1,5,2,2010
231,2010-05-05,5,2,5,2,2010
232,2010-05-06,6,3,5,2,2010
233,2010-05-07,7,4,5,2,2010
234,2010-05-10,10,0,5,2,2010
235,2010-05-15,15,5,5,2,2010
236,2010-05-23,23,6,5,2,2010
237,2010-05-25,25,1,5,2,2010
238,2010-05-29,29,5,5,2,2010
239,2010-06-01,1,1,6,2,2010
240,2010-06-02,2,2,6,2,2010
241,2010-06-05,5,5,6,2,2010
242,2010-06-07,7,0,6,2,2010
243,2010-06-10,10,3,6,2,2010
244,2010-06-11,11,4,6,2,2010
245,2010-06-14,14,0,6,2,2010
246,2010-06-15,15,1,6,2,2010
247,2010-06-18,18,4,6,2,2010
248,2010-06-20,20,6,6,2,2010
249,2010-06-23,23,2,6,2,2010
250,2010-06-24,24,3,6,2,2010
251,2010-06-25,25,4,6,2,2010
252,2010-06-29,29,1,6,2,2010
253,2010-07-04,4,6,7,3,2010
254,2010-07-05,5,0,7,3,2010
255,2010-07-11,11,6,7,3,2010
256,2010-07-16,16,4,7,3,2010
257,2010-07-17,17,5,7,3,2010
258,2010-07-18,18,6,7,3,2010
259,2010-07-22,22,3,7,3,2010
260,2010-08-07,7,5,8,3,2010
261,2010-08-09,9,0,8,3,2010
262,2010-08-11,11,2,8,3,2010
263,2010-08-17,17,1,8,3,2010
264,2010-08-21,21,5,8,3,2010
265,2010-08-24,24,1,8,3,2010
266,2010-09-04,4,5,9,3,2010
267,2010-09-10,10,4,9,3,2010
268,2010-09-26,26,6,9,3,2010
269,2010-10-01,1,4,10,4,2010
270,2010-10-14,14,3,10,4,2010
271,2010-10-19,19,1,10,4,2010
272,2010-10-21,21,3,10,4,2010
273,2010-10-26,26,1,10,4,2010
274,2010-10-27,27,2,10,4,2010
275,2010-10-29,29,4,10,4,2010
276,2010-11-01,1,0,11,4,2010
277,2010-11-03,3,2,11,4,2010
278,2010-11-06,6,5,11,4,2010
279,2010-11-11,11,3,11,4,2010
280,2010-11-29,29,0,11,4,2010
281,2010-12-04,4,5,12,4,2010
282,2010-12-25,25,5,12,4,2010
283,2010-12-29,29,2,12,4,2010
284,2010-12-30,30,3,12,4,2010
285,2011-01-08,8,5,1,1,2011
286,2011-01-10,10,0,1,1,2011
287,2011-01-15,15,5,1,1,2011
288,2011-01-20,20,3,1,1,2011
289,2011-01-24,24,0,1,1,2011
290,2011-01-26,26,2,1,1,2011
291,2011-01-29,29,5,1,1,2011
292,2011-01-30,30,6,1,1,2011
293,2011-01-31,31,0,1,1,2011
294,2011-02-04,4,4,2,1,2011
295,2011-02-05,5,5,2,1,2011
296,2011-02-10,10,3,2,1,2011
297,2011-02-11,11,4,2,1,2011
298,2011-02-12,12,5,2,1,2011
299,2011-02-15,15,1,2,1,2011
300,2011-02-22,22,1,2,1,2011
301,2011-02-24,24,3,2,1,2011
302,2011-02-26,26,5,2,1,2011
303,2011-02-28,28,0,2,1,2011
304,2011-03-04,4,4,3,1,2011
305,2011-03-07,7,0,3,1,2011
306,2011-03-16,16,2,3,1,2011
307,2011-03-18,18,4,3,1,2011
308,2011-03-20,20,6,3,1,2011
309,2011-03-23,23,2,3,1,2011
310,2011-03-24,24,3,3,1,2011
311,2011-03-28,28,0,3,1,2011
312,2011-03-29,29,1,3,1,2011
313,2011-03-31,31,3,3,1,2011
314,2011-04-01,1,4,4,2,2011
315,2011-04-04,4,0,4,2,2011
316,2011-04-06,6,2,4,2,2011
317,2011-04-09,9,5,4,2,2011
318,2011-04-11,11,0,4,2,2011
319,2011-04-12,12,1,4,2,2011
320,2011-04-13,13,2,4,2,2011
321,2011-04-14,14,3,4,2,2011
322,2011-04-15,15,4,4,2,2011
323,2011-04-17,17,6,4,2,2011
324,2011-04-19,19,1,4,2,2011
325,2011-04-23,23,5,4,2,2011
326,2011-04-28,28,3,4,2,2011
327,2011-04-30,30,5,4,2,2011
328,2011-05-03,3,1,5,2,2011
329,2011-05-04,4,2,5,2,2011
330,2011-05-05,5,3,5,2,2011
331,2011-05-07,7,5,5,2,2011
332,2011-05-09,9,0,5,2,2011
333,2011-05-15,15,6,5,2,2011
334,2011-05-16,16,0,5,2,2011
335,2011-05-17,17,1,5,2,2011
336,2011-05-18,18,2,5,2,2011
337,2011-05-21,21,5,5,2,2011
338,2011-05-22,22,6,5,2,2011
339,2011-05-24,24,1,5,2,2011
340,2011-05-26,26,3,5,2,2011
341,2011-05-28,28,5,5,2,2011
342,2011-05-31,31,1,5,2,2011
343,2011-06-04,4,5,6,2,2011
344,2011-06-08,8,2,6,2,2011
345,2011-06-12,12,6,6,2,2011
346,2011-06-15,15,2,6,2,2011
347,2011-06-18,18,5,6,2,2011
348,2011-06-22,22,2,6,2,2011
349,2011-06-23,23,3,6,2,2011
350,2011-06-25,25,5,6,2,2011
351,2011-06-26,26,6,6,2,2011
352,2011-06-28,28,1,6,2,2011
353,2011-06-29,29,2,6,2,2011
354,2011-07-02,2,5,7,3,2011
355,2011-07-03,3,6,7,3,2011
356,2011-07-06,6,2,7,3,2011
357,2011-07-08,8,4,7,3,2011
358,2011-07-09,9,5,7,3,2011
359,2011-07-10,10,6,7,3,2011
360,2011-07-11,11,0,7,3,2011
361,2011-07-12,12,1,7,3,2011
362,2011-07-14,14,3,7,3,2011
363,2011-07-16,16,5,7,3,2011
364,2011-07-17,17,6,7,3,2011
365,2011-07-18,18,0,7,3,2011
366,2011-07-20,20,2,7,3,2011
367,2011-07-22,22,4,7,3,2011
368,2011-07-23,23,5,7,3,2011
369,2011-07-24,24,6,7,3,2011
370,2011-07-25,25,0,7,3,2011
371,2011-07-26,26,1,7,3,2011
372,2011-07-27,27,2,7,3,2011
373,2011-07-28,28,3,7,3,2011
374,2011-07-30,30,5,7,3,2011
375,2011-07-31,31,6,7,3,2011
376,2011-08-01,1,0,8,3,2011
377,2011-08-02,2,1,8,3,2011
378,2011-08-04,4,3,8,3,2011
379,2011-08-05,5,4,8,3,2011
380,2011-08-06,6,5,8,3,2011
381,2011-08-07,7,6,8,3,2011
382,2011-08-09,9,1,8,3,2011
383,2011-08-10,10,2,8,3,2011
384,2011-08-11,11,3,8,3,2011
385,2011-08-14,14,6,8,3,2011
386,2011-08-16,16,1,8,3,2011
387,2011-08-17,17,2,8,3,2011
388,2011-08-18,18,3,8,3,2011
389,2011-08-19,19,4,8,3,2011
390,2011-08-20,20,5,8,3,2011
391,2011-08-21,21,6,8,3,2011
392,2011-08-23,23,1,8,3,2011
393,2011-08-25,25,3,8,3,2011
394,2011-08-26,26,4,8,3,2011
395,2011-08-27,27,5,8,3,2011
396,2011-08-28,28,6,8,3,2011
397,2011-08-29,29,0,8,3,2011
398,2011-08-30,30,1,8,3,2011
399,2011-08-31,31,2,8,3,2011
400,2011-09-01,1,3,9,3,2011
401,2011-09-02,2,4,9,3,2011
402,2011-09-03,3,5,9,3,2011
403,2011-09-04,4,6,9,3,2011
404,2011-09-06,6,1,9,3,2011
405,2011-09-07,7,2,9,3,2011
406,2011-09-08,8,3,9,3,2011
407,2011-09-09,9,4,9,3,2011
408,2011-09-10,10,5,9,3,2011
409,2011-09-11,11,6,9,3,2011
410,2011-09-12,12,0,9,3,2011
411,2011-09-14,14,2,9,3,2011
412,2011-09-15,15,3,9,3,2011
413,2011-09-16,16,4,9,3,2011
414,2011-09-17,17,5,9,3,2011
415,2011-09-18,18,6,9,3,2011
416,2011-09-19,19,0,9,3,2011
417,2011-09-20,20,1,9,3,2011
418,2011-09-21,21,2,9,3,2011
419,2011-09-22,22,3,9,3,2011
420,2011-09-23,23,4,9,3,2011
421,2011-09-24,24,5,9,3,2011
422,2011-09-25,25,6,9,3,2011
423,2011-09-26,26,0,9,3,2011
424,2011-09-27,27,1,9,3,2011
425,2011-09-28,28,2,9,3,2011
426,2011-09-29,29,3,9,3,2011
427,2011-09-30,30,4,9,3,2011
428,2011-10-01,1,5,10,4,2011
429,2011-10-02,2,6,10,4,2011
430,2011-10-03,3,0,10,4,2011
431,2011-10-05,5,2,10,4,2011
432,2011-10-06,6,3,10,4,2011
433,2011-10-07,7,4,10,4,2011
434,2011-10-08,8,5,10,4,2011
435,2011-10-09,9,6,10,4,2011
436,2011-10-13,13,3,10,4,2011
437,2011-10-16,16,6,10,4,2011
438,2011-10-19,19,2,10,4,2011
439,2011-10-20,20,3,10,4,2011
440,2011-10-21,21,4,10,4,2011
441,2011-10-24,24,0,10,4,2011
442,2011-10-25,25,1,10,4,2011
443,2011-10-26,26,2,10,4,2011
444,2011-10-27,27,3,10,4,2011
445,2011-10-28,28,4,10,4,2011
446,2011-10-29,29,5,10,4,2011
447,2011-10-30,30,6,10,4,2011
448,2011-10-31,31,0,10,4,2011
449,2011-11-01,1,1,11,4,2011
450,2011-11-02,2,2,11,4,2011
451,2011-11-03,3,3,11,4,2011
452,2011-11-04,4,4,11,4,2011
453,2011-11-06,6,6,11,4,2011
454,2011-11-07,7,0,11,4,2011
455,2011-11-08,8,1,11,4,2011
456,2011-11-09,9,2,11,4,2011
457,2011-11-10,10,3,11,4,2011
458,2011-11-11,11,4,11,4,2011
459,2011-11-12,12,5,11,4,2011
460,2011-11-14,14,0,11,4,2011
461,2011-11-15,15,1,11,4,2011
462,2011-11-16,16,2,11,4,2011
463,2011-11-17,17,3,11,4,2011
464,2011-11-18,18,4,11,4,2011
465,2011-11-19,19,5,11,4,2011
466,2011-11-20,20,6,11,4,2011
467,2011-11-21,21,0,11,4,2011
468,2011-11-22,22,1,11,4,2011
469,2011-11-23,23,2,11,4,2011
470,2011-11-24,24,3,11,4,2011
471,2011-11-25,25,4,11,4,2011
472,2011-11-26,26,5,11,4,2011
473,2011-11-27,27,6,11,4,2011
474,2011-11-28,28,0,11,4,2011
475,2011-11-29,29,1,11,4,2011
476,2011-11-30,30,2,11,4,2011
477,2011-12-01,1,3,12,4,2011
478,2011-12-02,2,4,12,4,2011
479,2011-12-03,3,5,12,4,2011
480,2011-12-06,6,1,12,4,2011
481,2011-12-07,7,2,12,4,2011
482,2011-12-08,8,3,12,4,2011
483,2011-12-09,9,4,12,4,2011
484,2011-12-10,10,5,12,4,2011
485,2011-12-12,12,0,12,4,2011
486,2011-12-14,14,2,12,4,2011
487,2011-12-15,15,3,12,4,2011
488,2011-12-16,16,4,12,4,2011
489,2011-12-17,17,5,12,4,2011
490,2011-12-19,19,0,12,4,2011
491,2011-12-20,20,1,12,4,2011
492,2011-12-22,22,3,12,4,2011
493,2011-12-25,25,6,12,4,2011
494,2011-12-28,28,2,12,4,2011
495,2012-01-03,3,1,1,1,2012
496,2012-01-04,4,2,1,1,2012
497,2012-01-05,5,3,1,1,2012
498,2012-01-06,6,4,1,1,2012
499,2012-01-09,9,0,1,1,2012
500,2012-01-11,11,2,1,1,2012
501,2012-01-12,12,3,1,1,2012
502,2012-01-14,14,5,1,1,2012
503,2012-01-15,15,6,1,1,2012
504,2012-01-17,17,1,1,1,2012
505,2012-01-18,18,2,1,1,2012
506,2012-01-19,19,3,1,1,2012
507,2012-01-20,20,4,1,1,2012
508,2012-01-21,21,5,1,1,2012
509,2012-01-22,22,6,1,1,2012
510,2012-01-23,23,0,1,1,2012
511,2012-01-24,24,1,1,1,2012
512,2012-01-25,25,2,1,1,2012
513,2012-01-26,26,3,1,1,2012
514,2012-01-27,27,4,1,1,2012
515,2012-01-28,28,5,1,1,2012
516,2012-01-30,30,0,1,1,2012
517,2012-01-31,31,1,1,1,2012
518,2012-02-03,3,4,2,1,2012
519,2012-02-04,4,5,2,1,2012
520,2012-02-05,5,6,2,1,2012
521,2012-02-06,6,0,2,1,2012
522,2012-02-07,7,1,2,1,2012
523,2012-02-08,8,2,2,1,2012
524,2012-02-09,9,3,2,1,2012
525,2012-02-10,10,4,2,1,2012
526,2012-02-11,11,5,2,1,2012
527,2012-02-12,12,6,2,1,2012
528,2012-02-13,13,0,2,1,2012
529,2012-02-15,15,2,2,1,2012
530,2012-02-16,16,3,2,1,2012
531,2012-02-17,17,4,2,1,2012
532,2012-02-18,18,5,2,1,2012
533,2012-02-19,19,6,2,1,2012
534,2012-02-20,20,0,2,1,2012
535,2012-02-21,21,1,2,1,2012
536,2012-02-22,22,2,2,1,2012
537,2012-02-23,23,3,2,1,2012
538,2012-02-24,24,4,2,1,2012
539,2012-02-26,26,6,2,1,2012
540,2012-02-27,27,0,2,1,2012
541,2012-02-29,29,2,2,1,2012
542,2012-03-01,1,3,3,1,2012
543,2012-03-02,2,4,3,1,2012
544,2012-03-03,3,5,3,1,2012
545,2012-03-04,4,6,3,1,2012
546,2012-03-05,5,0,3,1,2012
547,2012-03-06,6,1,3,1,2012
548,2012-03-07,7,2,3,1,2012
549,2012-03-08,8,3,3,1,2012
550,2012-03-11,11,6,3,1,2012
551,2012-03-12,12,0,3,1,2012
552,2012-03-13,13,1,3,1,2012
553,2012-03-14,14,2,3,1,2012
554,2012-03-15,15,3,3,1,2012
555,2012-03-17,17,5,3,1,2012
556,2012-03-19,19,0,3,1,2012
557,2012-03-20,20,1,3,1,2012
558,2012-03-21,21,2,3,1,2012
559,2012-03-23,23,4,3,1,2012
560,2012-03-24,24,5,3,1,2012
561,2012-03-27,27,1,3,1,2012
562,2012-03-28,28,2,3,1,2012
563,2012-03-29,29,3,3,1,2012
564,2012-03-30,30,4,3,1,2012
565,2012-04-01,1,6,4,2,2012
566,2012-04-02,2,0,4,2,2012
567,2012-04-04,4,2,4,2,2012
568,2012-04-05,5,3,4,2,2012
569,2012-04-06,6,4,4,2,2012
570,2012-04-11,11,2,4,2,2012
571,2012-04-12,12,3,4,2,2012
572,2012-04-13,13,4,4,2,2012
573,2012-04-16,16,0,4,2,2012
574,2012-04-17,17,1,4,2,2012
575,2012-04-18,18,2,4,2,2012
576,2012-04-19,19,3,4,2,2012
577,2012-04-20,20,4,4,2,2012
578,2012-04-23,23,0,4,2,2012
579,2012-04-25,25,2,4,2,2012
580,2012-04-27,27,4,4,2,2012
581,2012-04-28,28,5,4,2,2012
582,2012-04-29,29,6,4,2,2012
583,2012-04-30,30,0,4,2,2012
584,2012-05-01,1,1,5,2,2012
585,2012-05-02,2,2,5,2,2012
586,2012-05-03,3,3,5,2,2012
587,2012-05-04,4,4,5,2,2012
588,2012-05-05,5,5,5,2,2012
589,2012-05-06,6,6,5,2,2012
590,2012-05-08,8,1,5,2,2012
591,2012-05-09,9,2,5,2,2012
592,2012-05-11,11,4,5,2,2012
593,2012-05-13,13,6,5,2,2012
594,2012-05-14,14,0,5,2,2012
595,2012-05-15,15,1,5,2,2012
596,2012-05-18,18,4,5,2,2012
597,2012-05-20,20,6,5,2,2012
598,2012-05-21,21,0,5,2,2012
599,2012-05-22,22,1,5,2,2012
600,2012-05-23,23,2,5,2,2012
601,2012-05-24,24,3,5,2,2012
602,2012-05-25,25,4,5,2,2012
603,2012-05-26,26,5,5,2,2012
604,2012-05-27,27,6,5,2,2012
605,2012-05-28,28,0,5,2,2012
606,2012-05-29,29,1,5,2,2012
607,2012-05-30,30,2,5,2,2012
608,2012-06-02,2,5,6,2,2012
609,2012-06-04,4,0,6,2,2012
610,2012-06-05,5,1,6,2,2012
611,2012-06-06,6,2,6,2,2012
612,2012-06-07,7,3,6,2,2012
613,2012-06-08,8,4,6,2,2012
614,2012-06-09,9,5,6,2,2012
615,2012-06-10,10,6,6,2,2012
616,2012-06-11,11,0,6,2,2012
617,2012-06-12,12,1,6,2,2012
618,2012-06-13,13,2,6,2,2012
619,2012-06-14,14,3,6,2,2012
620,2012-06-15,15,4,6,2,2012
621,2012-06-17,17,6,6,2,2012
622,2012-06-18,18,0,6,2,2012
623,2012-06-19,19,1,6,2,2012
624,2012-06-20,20,2,6,2,2012
625,2012-06-21,21,3,6,2,2012
626,2012-06-22,22,4,6,2,2012
627,2012-06-24,24,6,6,2,2012
628,2012-06-25,25,0,6,2,2012
629,2012-06-27,27,2,6,2,2012
630,2012-06-29,29,4,6,2,2012
631,2012-06-30,30,5,6,2,2012
632,2012-07-01,1,6,7,3,2012
633,2012-07-02,2,0,7,3,2012
634,2012-07-03,3,1,7,3,2012
635,2012-07-04,4,2,7,3,2012
636,2012-07-05,5,3,7,3,2012
637,2012-07-07,7,5,7,3,2012
638,2012-07-09,9,0,7,3,2012
639,2012-07-12,12,3,7,3,2012
640,2012-07-13,13,4,7,3,2012
641,2012-07-14,14,5,7,3,2012
642,2012-07-15,15,6,7,3,2012
643,2012-07-16,16,0,7,3,2012
644,2012-07-17,17,1,7,3,2012
645,2012-07-18,18,2,7,3,2012
646,2012-07-19,19,3,7,3,2012
647,2012-07-20,20,4,7,3,2012
648,2012-07-21,21,5,7,3,2012
649,2012-07-22,22,6,7,3,2012
650,2012-07-23,23,0,7,3,2012
651,2012-07-24,24,1,7,3,2012
652,2012-07-25,25,2,7,3,2012
653,2012-07-27,27,4,7,3,2012
654,2012-07-28,28,5,7,3,2012
655,2012-07-31,31,1,7,3,2012
656,2012-08-01,1,2,8,3,2012
657,2012-08-02,2,3,8,3,2012
658,2012-08-03,3,4,8,3,2012
659,2012-08-05,5,6,8,3,2012
660,2012-08-06,6,0,8,3,2012
661,2012-08-07,7,1,8,3,2012
662,2012-08-09,9,3,8,3,2012
663,2012-08-11,11,5,8,3,2012
664,2012-08-12,12,6,8,3,2012
665,2012-08-13,13,0,8,3,2012
666,2012-08-14,14,1,8,3,2012
667,2012-08-15,15,2,8,3,2012
668,2012-08-16,16,3,8,3,2012
669,2012-08-17,17,4,8,3,2012
670,2012-08-18,18,5,8,3,2012
671,2012-08-19,19,6,8,3,2012
672,2012-08-20,20,0,8,3,2012
673,2012-08-22,22,2,8,3,2012
674,2012-08-23,23,3,8,3,2012
675,2012-08-24,24,4,8,3,2012
676,2012-08-25,25,5,8,3,2012
677,2012-08-26,26,6,8,3,2012
678,2012-08-27,27,0,8,3,2012
679,2012-08-28,28,1,8,3,2012
680,2012-08-29,29,2,8,3,2012
681,2012-08-30,30,3,8,3,2012
682,2012-08-31,31,4,8,3,2012
683,2012-09-01,1,5,9,3,2012
684,2012-09-02,2,6,9,3,2012
685,2012-09-03,3,0,9,3,2012
686,2012-09-04,4,1,9,3,2012
687,2012-09-05,5,2,9,3,2012
688,2012-09-06,6,3,9,3,2012
689,2012-09-07,7,4,9,3,2012
690,2012-09-09,9,6,9,3,2012
691,2012-09-10,10,0,9,3,2012
692,2012-09-11,11,1,9,3,2012
693,2012-09-12,12,2,9,3,2012
694,2012-09-14,14,4,9,3,2012
695,2012-09-15,15,5,9,3,2012
696,2012-09-16,16,6,9,3,2012
697,2012-09-17,17,0,9,3,2012
698,2012-09-18,18,1,9,3,2012
699,2012-09-19,19,2,9,3,2012
700,2012-09-20,20,3,9,3,2012
701,2012-09-21,21,4,9,3,2012
702,2012-09-22,22,5,9,3,2012
703,2012-09-24,24,0,9,3,2012
704,2012-09-25,25,1,9,3,2012
705,2012-09-26,26,2,9,3,2012
706,2012-09-27,27,3,9,3,2012
707,2012-09-28,28,4,9,3,2012
708,2012-09-30,30,6,9,3,2012
709,2012-10-02,2,1,10,4,2012
710,2012-10-03,3,2,10,4,2012
711,2012-10-04,4,3,10,4,2012
712,2012-10-06,6,5,10,4,2012
713,2012-10-08,8,0,10,4,2012
714,2012-10-10,10,2,10,4,2012
715,2012-10-11,11,3,10,4,2012
716,2012-10-13,13,5,10,4,2012
717,2012-10-14,14,6,10,4,2012
718,2012-10-16,16,1,10,4,2012
719,2012-10-18,18,3,10,4,2012
720,2012-10-19,19,4,10,4,2012
721,2012-10-20,20,5,10,4,2012
722,2012-10-21,21,6,10,4,2012
723,2012-10-22,22,0,10,4,2012
724,2012-10-23,23,1,10,4,2012
725,2012-10-24,24,2,10,4,2012
726,2012-10-25,25,3,10,4,2012
727,2012-10-27,27,5,10,4,2012
728,2012-10-28,28,6,10,4,2012
729,2012-10-29,29,0,10,4,2012
730,2012-10-30,30,1,10,4,2012
731,2012-10-31,31,2,10,4,2012
732,2012-11-01,1,3,11,4,2012
733,2012-11-02,2,4,11,4,2012
734,2012-11-03,3,5,11,4,2012
735,2012-11-05,5,0,11,4,2012
736,2012-11-06,6,1,11,4,2012
737,2012-11-09,9,4,11,4,2012
738,2012-11-11,11,6,11,4,2012
739,2012-11-12,12,0,11,4,2012
740,2012-11-13,13,1,11,4,2012
741,2012-11-14,14,2,11,4,2012
742,2012-11-15,15,3,11,4,2012
743,2012-11-16,16,4,11,4,2012
744,2012-11-18,18,6,11,4,2012
745,2012-11-19,19,0,11,4,2012
746,2012-11-20,20,1,11,4,2012
747,2012-11-21,21,2,11,4,2012
748,2012-11-22,22,3,11,4,2012
749,2012-11-23,23,4,11,4,2012
750,2012-11-26,26,0,11,4,2012
751,2012-11-27,27,1,11,4,2012
752,2012-11-28,28,2,11,4,2012
753,2012-11-30,30,4,11,4,2012
754,2012-12-01,1,5,12,4,2012
755,2012-12-02,2,6,12,4,2012
756,2012-12-03,3,0,12,4,2012
757,2012-12-04,4,1,12,4,2012
758,2012-12-06,6,3,12,4,2012
759,2012-12-08,8,5,12,4,2012
760,2012-12-09,9,6,12,4,2012
761,2012-12-12,12,2,12,4,2012
762,2012-12-13,13,3,12,4,2012
763,2012-12-14,14,4,12,4,2012
764,2012-12-16,16,6,12,4,2012
765,2012-12-17,17,0,12,4,2012
766,2012-12-18,18,1,12,4,2012
767,2012-12-19,19,2,12,4,2012
768,2012-12-20,20,3,12,4,2012
769,2012-12-22,22,5,12,4,2012
770,2012-12-23,23,6,12,4,2012
771,2012-12-26,26,2,12,4,2012
772,2012-12-27,27,3,12,4,2012
773,2012-12-28,28,4,12,4,2012
774,2012-12-29,29,5,12,4,2012
775,2013-01-02,2,2,1,1,2013
776,2013-01-04,4,4,1,1,2013
777,2013-01-05,5,5,1,1,2013
778,2013-01-08,8,1,1,1,2013
779,2013-01-09,9,2,1,1,2013
780,2013-01-10,10,3,1,1,2013
781,2013-01-11,11,4,1,1,2013
782,2013-01-12,12,5,1,1,2013
783,2013-01-13,13,6,1,1,2013
784,2013-01-14,14,0,1,1,2013
785,2013-01-15,15,1,1,1,2013
786,2013-01-16,16,2,1,1,2013
787,2013-01-17,17,3,1,1,2013
788,2013-01-18,18,4,1,1,2013
789,2013-01-21,21,0,1,1,2013
790,2013-01-23,23,2,1,1,2013
791,2013-01-24,24,3,1,1,2013
792,2013-01-25,25,4,1,1,2013
793,2013-01-26,26,5,1,1,2013
794,2013-01-27,27,6,1,1,2013
795,2013-01-28,28,0,1,1,2013
796,2013-01-29,29,1,1,1,2013
797,2013-01-30,30,2,1,1,2013
798,2013-01-31,31,3,1,1,2013
799,2013-02-01,1,4,2,1,2013
800,2013-02-03,3,6,2,1,2013
801,2013-02-04,4,0,2,1,2013
802,2013-02-05,5,1,2,1,2013
803,2013-02-06,6,2,2,1,2013
804,2013-02-07,7,3,2,1,2013
805,2013-02-08,8,4,2,1,2013
806,2013-02-11,11,0,2,1,2013
807,2013-02-13,13,2,2,1,2013
808,2013-02-14,14,3,2,1,2013
809,2013-02-16,16,5,2,1,2013
810,2013-02-18,18,0,2,1,2013
811,2013-02-20,20,2,2,1,2013
812,2013-02-21,21,3,2,1,2013
813,2013-02-22,22,4,2,1,2013
814,2013-02-23,23,5,2,1,2013
815,2013-02-25,25,0,2,1,2013
816,2013-02-26,26,1,2,1,2013
817,2013-02-28,28,3,2,1,2013
818,2013-03-01,1,4,3,1,2013
819,2013-03-02,2,5,3,1,2013
820,2013-03-03,3,6,3,1,2013
821,2013-03-04,4,0,3,1,2013
822,2013-03-06,6,2,3,1,2013
823,2013-03-08,8,4,3,1,2013
824,2013-03-10,10,6,3,1,2013
825,2013-03-12,12,1,3,1,2013
826,2013-03-13,13,2,3,1,2013
827,2013-03-14,14,3,3,1,2013
828,2013-03-16,16,5,3,1,2013
829,2013-03-17,17,6,3,1,2013
830,2013-03-18,18,0,3,1,2013
831,2013-03-19,19,1,3,1,2013
832,2013-03-20,20,2,3,1,2013
833,2013-03-21,21,3,3,1,2013
834,2013-03-22,22,4,3,1,2013
835,2013-03-24,24,6,3,1,2013
836,2013-03-25,25,0,3,1,2013
837,2013-03-26,26,1,3,1,2013
838,2013-03-27,27,2,3,1,2013
839,2013-03-28,28,3,3,1,2013
840,2013-03-29,29,4,3,1,2013
841,2013-03-30,30,5,3,1,2013
842,2013-03-31,31,6,3,1,2013
843,2013-04-01,1,0,4,2,2013
844,2013-04-03,3,2,4,2,2013
845,2013-04-04,4,3,4,2,2013
846,2013-04-05,5,4,4,2,2013
847,2013-04-06,6,5,4,2,2013
848,2013-04-07,7,6,4,2,2013
849,2013-04-09,9,1,4,2,2013
850,2013-04-10,10,2,4,2,2013
851,2013-04-11,11,3,4,2,2013
852,2013-04-13,13,5,4,2,2013
853,2013-04-14,14,6,4,2,2013
854,2013-04-15,15,0,4,2,2013
855,2013-04-16,16,1,4,2,2013
856,2013-04-17,17,2,4,2,2013
857,2013-04-18,18,3,4,2,2013
858,2013-04-19,19,4,4,2,2013
859,2013-04-20,20,5,4,2,2013
860,2013-04-22,22,0,4,2,2013
861,2013-04-23,23,1,4,2,2013
862,2013-04-30,30,1,4,2,2013
863,2013-05-02,2,3,5,2,2013
864,2013-05-03,3,4,5,2,2013
865,2013-05-07,7,1,5,2,2013
866,2013-05-09,9,3,5,2,2013
867,2013-05-10,10,4,5,2,2013
868,2013-05-12,12,6,5,2,2013
869,2013-05-13,13,0,5,2,2013
870,2013-05-14,14,1,5,2,2013
871,2013-05-15,15,2,5,2,2013
872,2013-05-16,16,3,5,2,2013
873,2013-05-17,17,4,5,2,2013
874,2013-05-19,19,6,5,2,2013
875,2013-05-20,20,0,5,2,2013
876,2013-05-21,21,1,5,2,2013
877,2013-05-22,22,2,5,2,2013
878,2013-05-23,23,3,5,2,2013
879,2013-05-24,24,4,5,2,2013
880,2013-05-25,25,5,5,2,2013
881,2013-05-27,27,0,5,2,2013
882,2013-05-29,29,2,5,2,2013
883,2013-05-30,30,3,5,2,2013
884,2013-06-03,3,0,6,2,2013
885,2013-06-04,4,1,6,2,2013
886,2013-06-05,5,2,6,2,2013
887,2013-06-06,6,3,6,2,2013
888,2013-06-07,7,4,6,2,2013
889,2013-06-08,8,5,6,2,2013
890,2013-06-09,9,6,6,2,2013
891,2013-06-10,10,0,6,2,2013
892,2013-06-14,14,4,6,2,2013
893,2013-06-15,15,5,6,2,2013
894,2013-06-17,17,0,6,2,2013
895,2013-06-19,19,2,6,2,2013
896,2013-06-20,20,3,6,2,2013
897,2013-06-21,21,4,6,2,2013
898,2013-06-22,22,5,6,2,2013
899,2013-06-25,25,1,6,2,2013
900,2013-06-26,26,2,6,2,2013
901,2013-06-27,27,3,6,2,2013
902,2013-06-28,28,4,6,2,2013
903,2013-07-02,2,1,7,3,2013
904,2013-07-03,3,2,7,3,2013
905,2013-07-04,4,3,7,3,2013
906,2013-07-05,5,4,7,3,2013
907,2013-07-06,6,5,7,3,2013
908,2013-07-08,8,0,7,3,2013
909,2013-07-09,9,1,7,3,2013
910,2013-07-10,10,2,7,3,2013
911,2013-07-12,12,4,7,3,2013
912,2013-07-13,13,5,7,3,2013
913,2013-07-14,14,6,7,3,2013
914,2013-07-15,15,0,7,3,2013
915,2013-07-18,18,3,7,3,2013
916,2013-07-20,20,5,7,3,2013
917,2013-07-21,21,6,7,3,2013
918,2013-07-22,22,0,7,3,2013
919,2013-07-23,23,1,7,3,2013
920,2013-07-24,24,2,7,3,2013
921,2013-07-27,27,5,7,3,2013
922,2013-07-29,29,0,7,3,2013
923,2013-07-30,30,1,7,3,2013
924,2013-07-31,31,2,7,3,2013
925,2013-08-01,1,3,8,3,2013
926,2013-08-02,2,4,8,3,2013
927,2013-08-03,3,5,8,3,2013
928,2013-08-04,4,6,8,3,2013
929,2013-08-05,5,0,8,3,2013
930,2013-08-07,7,2,8,3,2013
931,2013-08-08,8,3,8,3,2013
932,2013-08-09,9,4,8,3,2013
933,2013-08-12,12,0,8,3,2013
934,2013-08-13,13,1,8,3,2013
935,2013-08-15,15,3,8,3,2013
936,2013-08-16,16,4,8,3,2013
937,2013-08-17,17,5,8,3,2013
938,2013-08-20,20,1,8,3,2013
939,2013-08-21,21,2,8,3,2013
940,2013-08-22,22,3,8,3,2013
941,2013-08-23,23,4,8,3,2013
942,2013-08-30,30,4,8,3,2013
943,2013-09-01,1,6,9,3,2013
944,2013-09-03,3,1,9,3,2013
945,2013-09-05,5,3,9,3,2013
946,2013-09-06,6,4,9,3,2013
947,2013-09-09,9,0,9,3,2013
948,2013-09-10,10,1,9,3,2013
949,2013-09-11,11,2,9,3,2013
950,2013-09-15,15,6,9,3,2013
951,2013-09-17,17,1,9,3,2013
952,2013-09-18,18,2,9,3,2013
953,2013-09-19,19,3,9,3,2013
954,2013-09-20,20,4,9,3,2013
955,2013-09-21,21,5,9,3,2013
956,2013-09-22,22,6,9,3,2013
957,2013-09-23,23,0,9,3,2013
958,2013-09-24,24,1,9,3,2013
959,2013-09-25,25,2,9,3,2013
960,2013-09-26,26,3,9,3,2013
961,2013-09-27,27,4,9,3,2013
962,2013-09-29,29,6,9,3,2013
963,2013-09-30,30,0,9,3,2013
964,2013-10-03,3,3,10,4,2013
965,2013-10-08,8,1,10,4,2013
966,2013-10-10,10,3,10,4,2013
967,2013-10-11,11,4,10,4,2013
968,2013-10-12,12,5,10,4,2013
969,2013-10-13,13,6,10,4,2013
970,2013-10-15,15,1,10,4,2013
971,2013-10-16,16,2,10,4,2013
972,2013-10-20,20,6,10,4,2013
973,2013-10-21,21,0,10,4,2013
974,2013-10-22,22,1,10,4,2013
975,2013-10-25,25,4,10,4,2013
976,2013-10-26,26,5,10,4,2013
977,2013-10-27,27,6,10,4,2013
978,2013-11-03,3,6,11,4,2013
979,2013-11-05,5,1,11,4,2013
980,2013-11-06,6,2,11,4,2013
981,2013-11-08,8,4,11,4,2013
982,2013-11-10,10,6,11,4,2013
983,2013-11-11,11,0,11,4,2013
984,2013-11-13,13,2,11,4,2013
985,2013-11-14,14,3,11,4,2013
986,2013-11-15,15,4,11,4,2013
987,2013-11-18,18,0,11,4,2013
988,2013-11-19,19,1,11,4,2013
989,2013-11-20,20,2,11,4,2013
990,2013-11-21,21,3,11,4,2013
991,2013-11-22,22,4,11,4,2013
992,2013-11-25,25,0,11,4,2013
993,2013-11-26,26,1,11,4,2013
994,2013-11-27,27,2,11,4,2013
995,2013-11-29,29,4,11,4,2013
996,2013-12-02,2,0,12,4,2013
997,2013-12-03,3,1,12,4,2013
998,2013-12-04,4,2,12,4,2013
999,2013-12-05,5,3,12,4,2013
1000,2013-12-06,6,4,12,4,2013
1001,2013-12-09,9,0,12,4,2013
1002,2013-12-12,12,3,12,4,2013
1003,2013-12-16,16,0,12,4,2013
1004,2013-12-18,18,2,12,4,2013
1005,2013-12-19,19,3,12,4,2013
1006,2013-12-20,20,4,12,4,2013
1007,2013-12-22,22,6,12,4,2013
1008,2014-01-03,3,4,1,1,2014
1009,2014-01-09,9,3,1,1,2014
1010,2014-01-18,18,5,1,1,2014
1011,2014-01-21,21,1,1,1,2014
1012,2014-01-23,23,3,1,1,2014
1013,2014-01-24,24,4,1,1,2014
1014,2014-01-25,25,5,1,1,2014
1015,2014-01-26,26,6,1,1,2014
1016,2014-01-27,27,0,1,1,2014
1017,2014-01-28,28,1,1,1,2014
1018,2014-01-29,29,2,1,1,2014
1019,2014-02-02,2,6,2,1,2014
1020,2014-02-03,3,0,2,1,2014
1021,2014-02-04,4,1,2,1,2014
1022,2014-02-05,5,2,2,1,2014
1023,2014-02-08,8,5,2,1,2014
1024,2014-02-10,10,0,2,1,2014
1025,2014-02-11,11,1,2,1,2014
1026,2014-02-14,14,4,2,1,2014
1027,2014-02-15,15,5,2,1,2014
1028,2014-02-18,18,1,2,1,2014
1029,2014-02-19,19,2,2,1,2014
1030,2014-02-20,20,3,2,1,2014
1031,2014-02-21,21,4,2,1,2014
1032,2014-02-22,22,5,2,1,2014
1033,2014-02-26,26,2,2,1,2014
1034,2014-02-27,27,3,2,1,2014
1035,2014-03-01,1,5,3,1,2014
1036,2014-03-06,6,3,3,1,2014
1037,2014-03-08,8,5,3,1,2014
1038,2014-03-10,10,0,3,1,2014
1039,2014-03-12,12,2,3,1,2014
1040,2014-03-14,14,4,3,1,2014
1041,2014-03-17,17,0,3,1,2014
1042,2014-03-19,19,2,3,1,2014
1043,2014-03-25,25,1,3,1,2014
1044,2014-03-27,27,3,3,1,2014
1045,2014-03-29,29,5,3,1,2014
1046,2014-03-30,30,6,3,1,2014
1047,2014-03-31,31,0,3,1,2014
1048,2014-04-02,2,2,4,2,2014
1049,2014-04-03,3,3,4,2,2014
1050,2014-04-09,9,2,4,2,2014
1051,2014-04-10,10,3,4,2,2014
1052,2014-04-11,11,4,4,2,2014
1053,2014-04-12,12,5,4,2,2014
1054,2014-04-15,15,1,4,2,2014
1055,2014-04-16,16,2,4,2,2014
1056,2014-04-18,18,4,4,2,2014
1057,2014-04-21,21,0,4,2,2014
1058,2014-04-22,22,1,4,2,2014
1059,2014-04-24,24,3,4,2,2014
1060,2014-04-25,25,4,4,2,2014
1061,2014-04-26,26,5,4,2,2014
1062,2014-04-29,29,1,4,2,2014
1063,2014-04-30,30,2,4,2,2014
1064,2014-05-03,3,5,5,2,2014
1065,2014-05-04,4,6,5,2,2014
1066,2014-05-07,7,2,5,2,2014
1067,2014-05-08,8,3,5,2,2014
1068,2014-05-09,9,4,5,2,2014
1069,2014-05-10,10,5,5,2,2014
1070,2014-05-12,12,0,5,2,2014
1071,2014-05-13,13,1,5,2,2014
1072,2014-05-15,15,3,5,2,2014
1073,2014-05-18,18,6,5,2,2014
1074,2014-05-19,19,0,5,2,2014
1075,2014-05-22,22,3,5,2,2014
1076,2014-05-23,23,4,5,2,2014
1077,2014-05-27,27,1,5,2,2014
1078,2014-05-28,28,2,5,2,2014
1079,2014-05-30,30,4,5,2,2014
1080,2014-06-01,1,6,6,2,2014
1081,2014-06-02,2,0,6,2,2014
1082,2014-06-03,3,1,6,2,2014
1083,2014-06-04,4,2,6,2,2014
1084,2014-06-06,6,4,6,2,2014
1085,2014-06-07,7,5,6,2,2014
1086,2014-06-08,8,6,6,2,2014
1087,2014-06-09,9,0,6,2,2014
1088,2014-06-11,11,2,6,2,2014
1089,2014-06-13,13,4,6,2,2014
1090,2014-06-14,14,5,6,2,2014
1091,2014-06-16,16,0,6,2,2014
1092,2014-06-19,19,3,6,2,2014
1093,2014-06-20,20,4,6,2,2014
1094,2014-06-25,25,2,6,2,2014
1095,2014-06-26,26,3,6,2,2014
1096,2014-06-30,30,0,6,2,2014
1097,2014-07-03,3,3,7,3,2014
1098,2014-07-04,4,4,7,3,2014
1099,2014-07-06,6,6,7,3,2014
1100,2014-07-08,8,1,7,3,2014
1101,2014-07-10,10,3,7,3,2014
1102,2014-07-11,11,4,7,3,2014
1103,2014-07-12,12,5,7,3,2014
1104,2014-07-15,15,1,7,3,2014
1105,2014-07-16,16,2,7,3,2014
1106,2014-07-17,17,3,7,3,2014
1107,2014-07-21,21,0,7,3,2014
1108,2014-07-23,23,2,7,3,2014
1109,2014-07-25,25,4,7,3,2014
1110,2014-07-27,27,6,7,3,2014
1111,2014-07-31,31,3,7,3,2014
1112,2014-08-03,3,6,8,3,2014
1113,2014-08-05,5,1,8,3,2014
1114,2014-08-07,7,3,8,3,2014
1115,2014-08-08,8,4,8,3,2014
1116,2014-08-09,9,5,8,3,2014
1117,2014-08-11,11,0,8,3,2014
1118,2014-08-13,13,2,8,3,2014
1119,2014-08-15,15,4,8,3,2014
1120,2014-08-17,17,6,8,3,2014
1121,2014-08-18,18,0,8,3,2014
1122,2014-08-19,19,1,8,3,2014
1123,2014-08-21,21,3,8,3,2014
1124,2014-08-24,24,6,8,3,2014
1125,2014-08-26,26,1,8,3,2014
1126,2014-08-27,27,2,8,3,2014
1127,2014-08-30,30,5,8,3,2014
1128,2014-09-07,7,6,9,3,2014
1129,2014-09-08,8,0,9,3,2014
1130,2014-09-11,11,3,9,3,2014
1131,2014-09-15,15,0,9,3,2014
1132,2014-09-21,21,6,9,3,2014
1133,2014-09-23,23,1,9,3,2014
1134,2014-09-24,24,2,9,3,2014
1135,2014-09-30,30,1,9,3,2014
1136,2014-10-08,8,2,10,4,2014
1137,2014-10-10,10,4,10,4,2014
1138,2014-10-16,16,3,10,4,2014
1139,2014-10-18,18,5,10,4,2014
1140,2014-10-20,20,0,10,4,2014
1141,2014-10-23,23,3,10,4,2014
1142,2014-10-29,29,2,10,4,2014
1143,2014-10-31,31,4,10,4,2014
1144,2014-11-01,1,5,11,4,2014
1145,2014-11-02,2,6,11,4,2014
1146,2014-11-05,5,2,11,4,2014
1147,2014-11-06,6,3,11,4,2014
1148,2014-11-07,7,4,11,4,2014
1149,2014-11-09,9,6,11,4,2014
1150,2014-11-11,11,1,11,4,2014
1151,2014-11-12,12,2,11,4,2014
1152,2014-11-13,13,3,11,4,2014
1153,2014-11-17,17,0,11,4,2014
1154,2014-11-20,20,3,11,4,2014
1155,2014-11-25,25,1,11,4,2014
1156,2014-11-26,26,2,11,4,2014
1157,2014-11-27,27,3,11,4,2014
1158,2014-11-30,30,6,11,4,2014
1159,2014-12-01,1,0,12,4,2014
1160,2014-12-02,2,1,12,4,2014
1161,2014-12-03,3,2,12,4,2014
1162,2014-12-05,5,4,12,4,2014
1163,2014-12-07,7,6,12,4,2014
1164,2014-12-09,9,1,12,4,2014
1165,2014-12-11,11,3,12,4,2014
1166,2014-12-12,12,4,12,4,2014
1167,2014-12-13,13,5,12,4,2014
1168,2014-12-14,14,6,12,4,2014
1169,2014-12-15,15,0,12,4,2014
1170,2014-12-16,16,1,12,4,2014
1171,2014-12-18,18,3,12,4,2014
1172,2014-12-20,20,5,12,4,2014
1173,2014-12-21,21,6,12,4,2014
1174,2014-12-22,22,0,12,4,2014
1175,2014-12-24,24,2,12,4,2014
1176,2014-12-26,26,4,12,4,2014
1177,2014-12-30,30,1,12,4,2014
1178,2014-12-31,31,2,12,4,2014
1179,2015-01-01,1,3,1,1,2015
1180,2015-01-03,3,5,1,1,2015
1181,2015-01-04,4,6,1,1,2015
1182,2015-01-05,5,0,1,1,2015
1183,2015-01-07,7,2,1,1,2015
1184,2015-01-09,9,4,1,1,2015
1185,2015-01-10,10,5,1,1,2015
1186,2015-01-13,13,1,1,1,2015
1187,2015-01-14,14,2,1,1,2015
1188,2015-01-15,15,3,1,1,2015
1189,2015-01-16,16,4,1,1,2015
1190,2015-01-17,17,5,1,1,2015
1191,2015-01-20,20,1,1,1,2015
1192,2015-01-23,23,4,1,1,2015
1193,2015-01-24,24,5,1,1,2015
1194,2015-01-26,26,0,1,1,2015
1195,2015-01-28,28,2,1,1,2015
1196,2015-01-29,29,3,1,1,2015
1197,2015-02-01,1,6,2,1,2015
1198,2015-02-02,2,0,2,1,2015
1199,2015-02-03,3,1,2,1,2015
1200,2015-02-04,4,2,2,1,2015
1201,2015-02-06,6,4,2,1,2015
1202,2015-02-08,8,6,2,1,2015
1203,2015-02-09,9,0,2,1,2015
1204,2015-02-10,10,1,2,1,2015
1205,2015-02-11,11,2,2,1,2015
1206,2015-02-12,12,3,2,1,2015
1207,2015-02-15,15,6,2,1,2015
1208,2015-02-16,16,0,2,1,2015
1209,2015-02-18,18,2,2,1,2015
1210,2015-02-19,19,3,2,1,2015
1211,2015-02-22,22,6,2,1,2015
1212,2015-02-23,23,0,2,1,2015
1213,2015-02-24,24,1,2,1,2015
1214,2015-02-26,26,3,2,1,2015
1215,2015-02-27,27,4,2,1,2015
1216,2015-03-01,1,6,3,1,2015
1217,2015-03-06,6,4,3,1,2015
1218,2015-03-11,11,2,3,1,2015
1219,2015-03-16,16,0,3,1,2015
1220,2015-03-17,17,1,3,1,2015
1221,2015-03-18,18,2,3,1,2015
1222,2015-03-19,19,3,3,1,2015
1223,2015-03-23,23,0,3,1,2015
1224,2015-03-24,24,1,3,1,2015
1225,2015-03-25,25,2,3,1,2015
1226,2015-03-26,26,3,3,1,2015
1227,2015-03-27,27,4,3,1,2015
1228,2015-03-29,29,6,3,1,2015
1229,2015-03-30,30,0,3,1,2015
1230,2015-03-31,31,1,3,1,2015
1231,2015-04-02,2,3,4,2,2015
1232,2015-04-07,7,1,4,2,2015
1233,2015-04-14,14,1,4,2,2015
1234,2015-04-18,18,5,4,2,2015
1235,2015-04-20,20,0,4,2,2015
1236,2015-04-21,21,1,4,2,2015
1237,2015-04-22,22,2,4,2,2015
1238,2015-04-25,25,5,4,2,2015
1239,2015-04-28,28,1,4,2,2015
1240,2015-04-29,29,2,4,2,2015
1241,2015-05-04,4,0,5,2,2015
1242,2015-05-07,7,3,5,2,2015
1243,2015-05-08,8,4,5,2,2015
1244,2015-05-09,9,5,5,2,2015
1245,2015-05-13,13,2,5,2,2015
1246,2015-05-14,14,3,5,2,2015
1247,2015-05-16,16,5,5,2,2015
1248,2015-05-18,18,0,5,2,2015
1249,2015-05-24,24,6,5,2,2015
1250,2015-06-01,1,0,6,2,2015
1251,2015-06-03,3,2,6,2,2015
1252,2015-06-07,7,6,6,2,2015
1253,2015-06-08,8,0,6,2,2015
1254,2015-06-09,9,1,6,2,2015
1255,2015-06-10,10,2,6,2,2015
1256,2015-06-11,11,3,6,2,2015
1257,2015-06-15,15,0,6,2,2015
1258,2015-06-16,16,1,6,2,2015
1259,2015-06-17,17,2,6,2,2015
1260,2015-06-18,18,3,6,2,2015
1261,2015-06-20,20,5,6,2,2015
1262,2015-06-21,21,6,6,2,2015
1263,2015-06-22,22,0,6,2,2015
1264,2015-06-23,23,1,6,2,2015
1265,2015-06-24,24,2,6,2,2015
1266,2015-06-25,25,3,6,2,2015
1267,2015-06-29,29,0,6,2,2015
1268,2015-06-30,30,1,6,2,2015
1269,2015-07-01,1,2,7,3,2015
1270,2015-07-06,6,0,7,3,2015
1271,2015-07-09,9,3,7,3,2015
1272,2015-07-11,11,5,7,3,2015
1273,2015-07-13,13,0,7,3,2015
1274,2015-07-14,14,1,7,3,2015
1275,2015-07-15,15,2,7,3,2015
1276,2015-07-20,20,0,7,3,2015
1277,2015-07-22,22,2,7,3,2015
1278,2015-07-23,23,3,7,3,2015
1279,2015-07-24,24,4,7,3,2015
1280,2015-07-25,25,5,7,3,2015
1281,2015-07-26,26,6,7,3,2015
1282,2015-08-01,1,5,8,3,2015
1283,2015-08-06,6,3,8,3,2015
1284,2015-08-12,12,2,8,3,2015
1285,2015-08-13,13,3,8,3,2015
1286,2015-08-18,18,1,8,3,2015
1287,2015-08-25,25,1,8,3,2015
1288,2015-08-26,26,2,8,3,2015
1289,2015-08-29,29,5,8,3,2015
1290,2015-09-02,2,2,9,3,2015
1291,2015-09-04,4,4,9,3,2015
1292,2015-09-06,6,6,9,3,2015
1293,2015-09-07,7,0,9,3,2015
1294,2015-09-09,9,2,9,3,2015
1295,2015-09-10,10,3,9,3,2015
1296,2015-09-12,12,5,9,3,2015
1297,2015-09-13,13,6,9,3,2015
1298,2015-09-16,16,2,9,3,2015
1299,2015-09-17,17,3,9,3,2015
1300,2015-09-19,19,5,9,3,2015
1301,2015-09-23,23,2,9,3,2015
1302,2015-09-24,24,3,9,3,2015
1303,2015-09-25,25,4,9,3,2015
1304,2015-09-29,29,1,9,3,2015
1305,2015-09-30,30,2,9,3,2015
1306,2015-10-01,1,3,10,4,2015
1307,2015-10-02,2,4,10,4,2015
1308,2015-10-03,3,5,10,4,2015
1309,2015-10-12,12,0,10,4,2015
1310,2015-10-14,14,2,10,4,2015
1311,2015-10-22,22,3,10,4,2015
1312,2015-10-24,24,5,10,4,2015
1313,2015-10-27,27,1,10,4,2015
1314,2015-10-29,29,3,10,4,2015
1315,2015-11-20,20,4,11,4,2015
1316,2015-11-24,24,1,11,4,2015
1317,2015-11-25,25,2,11,4,2015
1318,2015-11-27,27,4,11,4,2015
1319,2015-11-28,28,5,11,4,2015
1320,2015-12-05,5,5,12,4,2015
1321,2015-12-09,9,2,12,4,2015
1322,2015-12-16,16,2,12,4,2015
1323,2015-12-17,17,3,12,4,2015
1324,2015-12-18,18,4,12,4,2015
1325,2015-12-19,19,5,12,4,2015
1326,2015-12-23,23,2,12,4,2015
1327,2015-12-24,24,3,12,4,2015
1328,2015-12-25,25,4,12,4,2015
1329,2015-12-27,27,6,12,4,2015
1330,2015-12-28,28,0,12,4,2015
1331,2015-12-29,29,1,12,4,2015
1332,2016-01-01,1,4,1,1,2016
1333,2016-01-02,2,5,1,1,2016
1334,2016-01-03,3,6,1,1,2016
1335,2016-01-04,4,0,1,1,2016
1336,2016-01-05,5,1,1,1,2016
1337,2016-01-09,9,5,1,1,2016
1338,2016-01-10,10,6,1,1,2016
1339,2016-01-11,11,0,1,1,2016
1340,2016-01-15,15,4,1,1,2016
1341,2016-01-20,20,2,1,1,2016
1342,2016-01-23,23,5,1,1,2016
1343,2016-01-26,26,1,1,1,2016
1344,2016-01-27,27,2,1,1,2016
1345,2016-01-29,29,4,1,1,2016
1346,2016-01-31,31,6,1,1,2016
1347,2016-02-01,1,0,2,1,2016
1348,2016-02-02,2,1,2,1,2016
1349,2016-02-05,5,4,2,1,2016
1350,2016-02-06,6,5,2,1,2016
1351,2016-02-07,7,6,2,1,2016
1352,2016-02-09,9,1,2,1,2016
1353,2016-02-20,20,5,2,1,2016
1354,2016-02-22,22,0,2,1,2016
1355,2016-02-28,28,6,2,1,2016
1356,2016-03-10,10,3,3,1,2016
1357,2016-03-13,13,6,3,1,2016
1358,2016-03-16,16,2,3,1,2016
1359,2016-03-20,20,6,3,1,2016
1360,2016-03-21,21,0,3,1,2016
1361,2016-03-22,22,1,3,1,2016
1362,2016-03-26,26,5,3,1,2016
1363,2016-03-27,27,6,3,1,2016
1364,2016-04-01,1,4,4,2,2016
1365,2016-04-03,3,6,4,2,2016
1366,2016-04-08,8,4,4,2,2016
1367,2016-04-11,11,0,4,2,2016
1368,2016-04-20,20,2,4,2,2016
1369,2016-04-29,29,4,4,2,2016
1370,2016-04-30,30,5,4,2,2016
1371,2016-05-04,4,2,5,2,2016
1372,2016-05-06,6,4,5,2,2016
1373,2016-05-07,7,5,5,2,2016
1374,2016-05-09,9,0,5,2,2016
1375,2016-05-16,16,0,5,2,2016
1376,2016-05-21,21,5,5,2,2016
1377,2016-05-22,22,6,5,2,2016
1378,2016-05-23,23,0,5,2,2016
1379,2016-05-24,24,1,5,2,2016
1380,2016-05-25,25,2,5,2,2016
1381,2016-06-02,2,3,6,2,2016
1382,2016-06-03,3,4,6,2,2016
1383,2016-06-07,7,1,6,2,2016
1384,2016-06-10,10,4,6,2,2016
1385,2016-06-11,11,5,6,2,2016
1386,2016-06-14,14,1,6,2,2016
1387,2016-06-15,15,2,6,2,2016
1388,2016-06-18,18,5,6,2,2016
1389,2016-06-25,25,5,6,2,2016
1390,2016-07-04,4,0,7,3,2016
1391,2016-07-06,6,2,7,3,2016
1392,2016-07-30,30,5,7,3,2016
1393,2016-07-31,31,6,7,3,2016
1394,2016-08-04,4,3,8,3,2016
1395,2016-08-11,11,3,8,3,2016
1396,2016-08-14,14,6,8,3,2016
1397,2016-08-18,18,3,8,3,2016
1398,2016-08-20,20,5,8,3,2016
1399,2016-08-25,25,3,8,3,2016
1400,2016-08-30,30,1,8,3,2016
1401,2016-09-05,5,0,9,3,2016
1402,2016-09-09,9,4,9,3,2016
1403,2016-09-11,11,6,9,3,2016
1404,2016-09-18,18,6,9,3,2016
1405,2016-09-19,19,0,9,3,2016
1406,2016-09-20,20,1,9,3,2016
1407,2016-09-21,21,2,9,3,2016
1408,2016-09-22,22,3,9,3,2016
1409,2016-09-23,23,4,9,3,2016
1410,2016-09-26,26,0,9,3,2016
1411,2016-10-02,2,6,10,4,2016
1412,2016-10-05,5,2,10,4,2016
1413,2016-10-07,7,4,10,4,2016
1414,2016-10-08,8,5,10,4,2016
1415,2016-10-10,10,0,10,4,2016
1416,2016-10-12,12,2,10,4,2016
1417,2016-10-14,14,4,10,4,2016
1418,2016-10-15,15,5,10,4,2016
1419,2016-10-31,31,0,10,4,2016
1420,2016-11-11,11,4,11,4,2016
1421,2016-11-21,21,0,11,4,2016
1422,2016-11-27,27,6,11,4,2016
1423,2016-11-28,28,0,11,4,2016
1424,2016-11-30,30,2,11,4,2016
1425,2016-12-12,12,0,12,4,2016
1426,2016-12-15,15,3,12,4,2016
1427,2016-12-16,16,4,12,4,2016
1428,2016-12-18,18,6,12,4,2016
1429,2016-12-20,20,1,12,4,2016
1430,2016-12-23,23,4,12,4,2016
1431,2016-12-31,31,5,12,4,2016
1432,2017-01-11,11,2,1,1,2017
1433,2017-01-12,12,3,1,1,2017
1434,2017-01-14,14,5,1,1,2017
1435,2017-01-20,20,4,1,1,2017
1436,2017-01-21,21,5,1,1,2017
1437,2017-01-22,22,6,1,1,2017
1438,2017-01-23,23,0,1,1,2017
1439,2017-01-24,24,1,1,1,2017
1440,2017-01-25,25,2,1,1,2017
1441,2017-01-26,26,3,1,1,2017
1442,2017-01-27,27,4,1,1,2017
1443,2017-01-29,29,6,1,1,2017
1444,2017-02-05,5,6,2,1,2017
1445,2017-02-06,6,0,2,1,2017
